id;author;content;created_at
1;oh a fashion;../fake-data/blob/hipster.txt;2026-04-08T03:38:47
2;analogy;../fake-data/blob/hipster.txt;2026-04-08T02:05:54
3;enchanting for;../fake-data/blob/hipster.txt;2026-04-08T10:40:12
4;er smoothly unto;../fake-data/blob/hipster.txt;2026-04-08T06:30:18
5;quaintly before warmly;../fake-data/blob/hipster.txt;2026-04-08T00:36:24
6;beside overdub huge;../fake-data/blob/hipster.txt;2026-04-08T12:10:47
7;help although recommendation;../fake-data/blob/hipster.txt;2026-04-08T08:31:53
8;compete;../fake-data/blob/hipster.txt;2026-04-08T09:12:02
9;behest rectangular;../fake-data/blob/hipster.txt;2026-04-08T14:24:59
10;providence drain;../fake-data/blob/hipster.txt;2026-04-08T02:28:22
